essay_id,essay_text,essay_type,reference_text_id
1,"В финале текста было сказано: ""Я избрал военную карьеру. Было ли это следствием гадания? Не знаю..."" Я считаю, что главный герой воспользовался своим правом выбора и избрал военную карьеру сам, а не в результате гадания.
Рассказы отца, гимнастический городок, общение с солдатами и офицерами с самого детства настроили его на определённый лад (предложение N 11, 12, 18)
По мере взрослели свободного времени становилось всё меньше, но гимнастики он не бросил и преуспевал в ""военном строе"". Это значит, что герой нашёл в этом своё призвание. И даже если бы в результате гадания он выбрал книгу, то всеравно стал бы военным.",2,1
2,"В финале текста А.И.Деникина сказано: ""Я избрал военную карьеру. Было ли это следствием гадания? Не знаю..."" Как это понять?
Я понимаю это так: в детские годы для главного героя военная служба была не только опасной, но и увлекательной игрой, полной интересного общения. Обратимся к тексту, чтобы доказать свою точку зрения.
Во-первых, главный герой рассказывал, как мальчишкой он целыми часами проводил в гимнастическом городке 1-го Стрелкового батальона и стрелял в тире пограничников (предложение 12). Это говорит о том, что мальчику нравилось заниматься этим делом, ему было и страшно, и очень весело, когда пули свистели над головой.
Во-вторых, главный герой приобрёл приятелей среди офицерства, а еще более - среди солдат (предложение 18). У мальчика появилось большое окружение для общения, что делало его интерес к военному делу ещё больше.
Таким образом, главный герой выбрал военную карьеру, потому что в детские годы ему была очень интересна и увлекательна служба военных людей, не смотря на все трудности, сложность и опасность этой работы.",2,1
6,"Смысл высказывания: ""Я избрал военную карьеру. Было ли это следствием гадания? Не знаю..."" заключается в том, что когда мальчик родился, ему почти сразу на гадали кем он будет в жизни.
Я думаю военная карьера не была следствием гадания, ведь полностью гадание не сбылось. Он не стал пьяницей. Мальчик выбрал военную карьеру, по тому что у у него эта любовь была с детства. В младенческом возрасте он взял в руки шпагу, хоть и игрушечную. А когда подрос, уже ходил на стрельбища стрелять, и к него было много друзей солдатов. Ему не лень было ходить за три версты на полигон чтобы позаниматься с ними. Ведь ему это нравилось. А еще у него отец был военным и рассказывал ему много разных историй.
В детстве закладывается много основных жизненных ценностей, ведь чем в детстве ты занимался и что любил делать, может отразиться на твоей будущей профессии.",2,1
7,"Смысл финала текста Антона Ивановича Деникина я понимаю так: когда в детстве родители мальчика устроили гадание; рассказчик дотронулся сабли и поиграл рюмкой. Это означало, что сын будет рубакой и пьяницей. Мальчик вырос и стал военным. Возможно, это было результатом гадания.
В предложениях 3-4 говорится о том, как рассказчик предопределил свою судьбу, дотронувшись до сабли и рюмки. В предложениях 7-8 рассказчик думает о гадании. Оно как бы сбылось и не сбылось. Герой стал военным, а пьяницей, к счастью, не стал.
Действительно старинные гадания могут предопределять судьбу, но думаю, что всегда верить им не стоит.",2,1
8,"""Я избрал военную карьеру. Было ли это следствием гадания? Не знаю..."" - так заканчивает текст А. Деникин Смысл этих финальных предложений я понимаю так. Вышеупомянутый военачальник считает, что будущее каждого человека заключается в его личном выборе и не должно зависеть от чьих-либо предубеждений и стереотипов. Убедимся в этом, обратившись к тексту.
Так, содержание предложения 7 говорит о том, что нельзя слепо верить различным гаданиям и предсказаниям. Наша жизнь лежит в наших руках! Не надо отдавать своё будущее на чьё-то попечение, нужно самому выбирать, как быть и что делать. Только так можно добиться успеха на тернистом пути жизни.
А вот ещё один пример. В предложении 22 А. Деникин говорит, что он пошёл по военной карьере, хотя имел широкие перспективы для поступления в высшие технические заведения. Другими словами, он сделал выбор в пользу того, что велело ему собственное сердце, а не жизненные обстоятельства. Именно поэтому этот человек понял своё предназначение и добился желаемого.
Таким образом, я думаю, что смысл финала текста говорит о необходимости принятия собственных решений, умении делать правильный выбор в любых ситуациях, в которые нас может забросить жизнь. Только так можно стать настоящим человеком.",2,1
9,"Смысл финала текста я понимаю так: когда мальчик был маленьким, его родители устроили гадание, в результате чего мальчик дотронулся до сабли. Сабля, действительно, предрешила его жизнь. Было ли это следствием гадания, он не знает. Приведу аргументацию из текста.
Во-первых, в предложениях 1-8, говорится о том, как родители устраивали гадание. Мальчик дотронулся до рюмки и сабли. Пьяницей он не стал, а сабля предрешила ему жизнь. Гадание и сбылось, и не сбылось.
Во-вторых, в предложениях 22-23, говорится, что мальчик, после окончания школы мог поступить в любое высшее заведение, но он выбрал военную карьеру.
Можно сделать вывод, что на выбор мальчика повлияло и гадание, и его собственное решение.",2,1
10,"В данном мне тексте очень необычный финал. Деникин употребил фразу: ""Я избрал военную карьеру. Было ли это следствием гадания? Не знаю..."" Попробую объяснить, как я понимаю смысл данного высказывания.
Во-первых, рассказы отца о военной службе вызывали огромный интерес у мальчика. Вследствии чего мальчик стал увлекаться военным делом (11-16)
Во-вторых, даже после перехода в высшие классы, герой произведения по-прежнему увлекался гимнастикой и военным строем (21)
Таким образом, именно рассказы отца о военной службе и игры в гимнастическом городке ещё в детстве подтолкнули героя произведения к выбору будущей профессии.",2,1
11,"В тексте Деникина Антона Ивановича рассказывается о мальчике, который выбрал военную карьеру и думал было ли это следствием гадания, которое родители устроили ему в детстве. Попробуем доказать это.
По-первых, отец с детства рассказывал мальчику свой тернистый путь от солдата до капитана, детские игры - всё это настраивало на определённый лад. Мальчик часами проводил время в гимнастическом городке, стрелял в тире (предложения 11-12).
Во-вторых, в высших классах воинские упражнения мальчика почти прекратились. Во всяком случае училище он окончил на высокие баллы и мог поступить в любое высшее техническое заведение (предложения 20-22).
Итак, мальчик избрал военную карьеру, возможно, потому что в детстве родители устроили ему гадание. Со временем у него появились другие интересы, но он всё равно избрал военную карьеру.",2,1
12,"В финале текста Деникина Антона Ивановича сказано: ""Я избрал военную карьеру. Было ли это последствием гадания? Не знаю..."" Я понимаю это так: для мальчика военная служба была не только опасное, но и увлекательной игрой, полной интересного общения. Попробую подтвердить свои мысли примерами из текста.
Во-первых, в предложениях (11-17) говорится о том, что рассказы отца мальчика, прошедшего тернистый путь от солдата и до капитана, детские игры подталкивали на определенный лад и мальчик по целым часам пропала в гимнастическом городке и стрелял в тире, ходил на стрельбище стрелковых рот, эти увлечения придовали мальчику вес у других мальчишек и вызывали их зависть. Это значит, что мальчика с малых лет интересовало все связанное со службой.
Во-вторых, в предложении (19) сказано: Будущая офицерская жизнь представлялась мне тогда в ореоле сплошного веселья и лихости, а не бременем трудов и забот, как это бывает в действительности"". Это значит, что мальчик представлял жизнь офицера весёлой и необремененой трудом и заботами.
Таким образом, я думаю, что мальчик шел к карьере на военной службе с самого детства и он смог не сдаться в середине пути. Это был его выбор с самого детства.",2,1
13,"""Я избрал военную карьеру Было ли это следствием гадания? Не знаю..."" Я понимаю это так. На выбор профессии оказывают влияние многие факторы, но решение человек принимает, опираясь на своё влечение к тому или иному предмету деятельности.
Я думаю, рассказчика с детства интересовала военная карьера. Его вдохновляли рассказы отца, ему нравилось проводить время в гимнастическом городке. Мальчик видел, как живут солдаты. Эта жизнь казалась ему интересное, она устраивала его. (19)
Я считаю, рассказчик не изменил военному делу. Конечно, кроме него у подростка были и другие увлечения, но они не смогли перерасти во что-то большее. Встав перед выбором, рассказчик избрал то. К чему была расположена его душа. Увлечение стало карьерой. (23)
Таким образом, принимая важное решение, человек слушает свое сердце и выбирает то, к чему имеет большее расположение его душа.",2,1
14,"""Я избрал военную карьеру. Было ли это следствием гадания? Не знаю...""
В фрагменте данного текста говорится о том, что главный герой рассказа посвятил свою жизнь военной карьере. Но он не знал, оказало ли какое-то воздействие на его было гадание.
Результаты гадания и последующие события были довольно противоречивы. ""Старинное это гаданье, однако, и сбылось, и не сбылось. Сабля, действительно, предопределила мою жизненную дорогу, но и от книжной премудрости я не отрёкся"". Я считаю, что гадание - это пережиток прошлого и возлагать на него свою судьбу нецелесообразно.
Не нужно слепо верить гаданиям, предсказаниям, человек сам выбирает свою судьбу, свою будущую профессию, ориентируясь на свои увлечения и способности. Выбирая профессию, главный герой исходил из личных предпочтений и интересов: ""Моё увлечение придавало мне вес в глазах мальчишек и вызывало их зависть... Словом, прижился в военной среде, приобретя приятелей среди
офицерства, а ещё более – среди солдат"".
На судьбу человека влияют не гадания, а лишь он сам, его стремления, амбиции, цели, жизненные ценности.",2,1
15,"Предложение ""Я избрал военную карьеру. Было ли это следствием гадания? Не знаю..."" обозначает, что у каждого человека уже предназначено свое будущее. Человек с юношеских лет знает, кем будет в будущем.
В тексте отец рассказывает сыну своею военную карьеру. Ему нравится офицерская жизнь (19) Именно этим он отличается от всех солдат (17). Я считаю, что отцу не только сабля предрешила его жизненную дорогу, но и желание.
У каждого человека должна быть своя жизненная дорога, по которой он следует на протяжении всей жизни.",2,1
3,"""И таблица умножения превратилась в стихи"".
Я считаю, что смысл финала текста в том, что у девушки был очень красивый голос. Она читала обычные слова и они превращались в стихи.
Во-первых, автор не видел Наилию он предстовлял её себе по голосу. Это доказывают предложения № 7-8.
Во-вторых, у неё был прекрасный голос нетакой как у всех. ""У всех людей в голосе звучит одна струна, в её голосе как бы слышались две: одна звучала низки, густо, а другая - высоко, тонко"".
Таким образом, все что она прозносила было песней.",2,7
4,"Я понимаю смысл финала текста так: герою-рассказчику нравилась Наиля, а особенно её голос, и ему неважно было, что именно она говорит, все слова, которые она говорила, превращались для него в стихи. Попробую доказать эту мысль примерами из текста.
Во-первых, в предложениях 1-6 автор говорит о том, что герой-рассказчик был поражен голосом Наили. Он сравнивал её голос с двумя струнами, которые звучали вместе. Слова, которые говорила Наиля, для героя-рассказчика меняли смысл или он их забывал.
Во-вторых, в предложениях 7-10 автор пишет о том, как герой-рассказчик по голосу представляет себе Наилю. Он хотел, чтобы ее голос никогда не умолкал.
В заключении можно сказать, что рассказчик просто хотел слушать прекрасный голос девушки. И для него даже обычная таблица умножения из уст Наили превращалась в стихи.",2,7
5,"Я понимаю смысл финала текста: ""И таблица умножения превратилась в стихи"", как показатель красоты голоса Наили, который отличался от голосов других людей.
Главный герой был поражён голосом девочки, выделив, что у всех людей в нём одна струна, а у Наили - две. Мальчик попросил её прочитать таблицу умножения, чтобы ещё раз послушать красивое звучание голоса девочки, но эта просьба застала Наилю врасплох. Он не смог ей объяснить, что ""её голос менял значение слов и самые обыкновенные слова звучали как только что рождённые"", а она не смогла этого понять.
Красивый голос - редкая особенность человека, способная даже простую таблицу умножения превратить в строки стихов. Цените талант этих людей и помогайте им его развивать!",2,7
41,"В тексте мы читаем: ""Еще подумал я и о том, что красота, видимо, живет в сердце каждого человека и очень важно суметь разбудить ее, не дать ей умереть, не проснувшись"". Я понимаю эту фразу следующим образом. Все люди способны замечать мелкие прелести, которые их окружают. И конечно могут разгядеть их красоту. Попробую доказать свою правоту примерами из текста Грибова Юрия Тарасовича.
Во-первых, в предложении N 15,16,19 автор пишет о том, что все кто присутствовал на деревянной барже, начали замечать красоту окружающего мира.
Во-вторых, в предложении N 21-23 писатель рассказывает, как у мужчин и женщин появилось вдохновение, которое они прочувствовали с помощью пения.
Таким образом, я доказала, что всех людей объединяет природа и все мы перед ней равны и вправе только наслаждаться ее красотой.",2,3
42,"Смысл фразы в преджложении 25 я понимаю так, понятие красоты есть в каждом живом человеке, но нужно суметь разбудить ее. Сейчас я аргументирую свое мнение примерами из текста.
Первый аргумент представлен в предложении под номерами 10-17. Стоило обычным, рабочим людям увидеть красоту данной природы, как тут же в них проснулось чувство красоты по отношению к природе.
Вторым аргументом могут послужить предлоджения 19-23.Красота данной природы, сблизила людей. Они все открыли свое сердце, выпустили свои внутренние чувства наружу.
Подводя итоги, анализируя выше сказанные мной слова крастота - это состояние человека, когда он полностью погружен в объект, который ему нравится. В это время он не замечает каких-либо деффектов.",2,3
43,"Смысл финала текста Ю.Т. Грибова я понимаю так: каждый человек душевно красив, но не всегда это явно видно. Лишь природа смогла заставить героев показать эту красоту. Докажем эту мысль примерами из текста.
Автор описал состояние природы и людей вокруг них. Оказалось, что люди были равнодушны по отношению к невзрачным пейзажам. Никакой вечной красоты в них видно не было, только лень и безразличие ко всему чувствовали эти люди (предложения 11-13).
Но когда пассажиры вдруг увидели прекрасные пейзажи, то начали восхищаться ими. Красота природы пробудила в них душевную красоту, а еще вдохновила и сблизила героев (предложения 19,23,24).
В заключание хочется сказать, что очень важно пробудить в себе душевную красоту, ведь тогда человек почувствует любовь, к нему придет вдохновение. В своем тексте Ю.Т. Грибов доказал, что разбудить эту красоту способна природа.",2,3
53,"Красота - понятие, которым можно описать совершенно разные вещи. Для каждого человека она имеет свое собственное значение. Смысл данного фрагмента я понимаю так: красота есть внутри каждого человека и главная цель - суметь пробудить ее в нужный момент.
В представленном тексте, в первыю очередь, говорится о вечности природной красоты: ""Пройдет сто лет, люди придумают новые машины, побывают на Марсе, а леса будут такими же"". Я считаю правильным это суждение, ведь человек сам является частью природы и он просто не может жить без нее. 
Во-вторых, здесь говорится о могуществе и силе природной красоты: ""Рабочие отложили карты, а женщины перестали есть. Несколько минут стояла тишина"".  Почему же у столь разных людей была одинаковая реакция? Все потому, что природная красота может сблизить даже совсем не знакомых друг с другом людей. 
Исходя из этих рассуждений, можно сказать следующее: хотя для каждого человека красота своя, природная красота объединяет всех людей вместе.",2,3
55,"В чем же смысл фразы ""Ещё подумал я и о том, что красота, видно, живёт в сердце каждого человека и очень важно суметь разбудить её, не дать ей умереть, не проснувшись"", и как ее понять? Я думаю, что у каждого человека есть своя душа, свое понимание о красоте и далеко не все могут ее раскрыть, выпустить наружу. 
В данном тексте представлен аргумент, который описывает то, что хотел показать нам Некрасов в своих поэтических произведениях (1-5). Поэт видел красоту в простом: ""старые душистые березы"", ""гуляющие стада на лугах"", ""запах дыма с картофельных полей"". Все это для него являлось примером искусства и давало вдохновение.
Второй пример из текста можно увидеть в предложениях (19-24). Женщины, напевая песню, смотрят на убегающую в поле дорожку. Замечтавшись, сидя с серьезными лицами, они плыли по лесной дикой реке. Природа разбудила в них красоту, сблизила их между собой, объединила таких разных, друг на друга не похожих абсолютно людей.
Можно сделать вывод, что пробуждение крастоты внутри души сближает людей между собой и природой, делает каждого человека искренним, миролюбивым. Проснувшись, красота дает увидеть очень многое, открывается другой взгляд на мир, меняется отношение. Я считаю,что каждый должен разбудить в себе это чувство, выпустить наружу желание видеть прекрасное в каждой березке, в каждом пожелтевшем листике, наступающей осени, не давая ему умереть, так и оставшись с пустой душой и эгоистичным человеком.",2,3
56,"Это мы можем понять через предложения 2-5, где Некрасов при помощи своего творчества воздействует на главного героя,заставяля видеть свой образ. Как второй пример можно взять предложение (21), незнакомые люди под действием красоты природы и совместного пения чувствуют родство. Слова песни заставили их так считать.
Основываясь на оба примера, можно сделать вывод, что в любой ситуации можно подобрать свои срества языка, которые будут удивлять людей на протяжении долгого времени.",2,3
44,"Высказывание Пескова Василия Михайловича я понимаю так: писатель говорит о том, что большая часть людей не стали эгоистами, и не забыли о помощи. Также не стоит судить человека за плохое, главное, сколько хорошего сделал человек.
В предложениях 4-11 говорится о папином обещании. Он обещал мальчику книгу, и как только он смог ее себе позволить, взял мальчика и купил ее. Он не обманул мальчика и поступил по-мужски.
В предложениях 29-37 мы  наблюдаем как мальчику принесли 7 книг, которые ему купили люди из поезда, чтобы он не расстраивался, потому что они видели как дорога ему эта книга и не смогли пройти мимо.
В заключении скажу, что помогать людяи нужноь- это очень легкий способ сделать человеку приятно.",2,4
46,"""Осталась уверенность: бескорыстных и хороших людей больше, чем плохих, и жизнь движется вперёд не тем, что в человеке плохого, а тем, что есть в нём хорошего"" - пишет В. Песков в предлодженном для анализа тексте. Я понимаю эти слова так: на тот момент люди были очень добрые и бесскорыстные. Многим помогали просто так, даже потому, что им это в радость, как в подобной ситуации с мальчиком. Докажем рассуждения на примерах из текста. 
В предложениях 20-25 автор пытался нам передать эмоциональное состояние и все переживания мальчика за потерянную книгу. Видно как герою помогают просто так люди, видимо им было интересно куда же все-таки провалилась книга и они ее пытались поскорее достать ведь многие переживали за мальчика, что говорит о искреннем сердце людей.
В предложениях 34-37 автор смог передать всю радость этого мальчика после того как ему приносили все новые и новые книги. Ведь это были просто незнакомые люди этому мальчику которые ему захотели помочь и сделали это несмотря ни на что.
В заключении хочу сказать, что в каждом человеке есть доброта которая его красит. Стоит брать пример с доброжелательных людей ведь твои хорошие поступки будут к тебе возвращаться бумерангом.",2,4
16,"Выбор - осознанное решение людей. Я считаю, что выбор, совершённый в детстве, может решить дальнейшую судьбу и жизнь человека. Справедливость своих слов докажу конкретными примерами.
В тексте Деникина Антона рассказывается о мальчике, который ещё в детстве, при помощи обряда, выбрал карьеру военного. Он часто ходил в гимнастический городок, на стрельбища. В конце дня мальчик шёл с солдатами и пел песни вместе с ними. Ему нравилось то, чем он занимается, ведь оно доставляло ему веселье. Когда мальчик уже вырос, то избрал карьеру военного. По этому примеру видно, что выбор совершённый в детстве предопределяет судьбу человека.
Подобные примеры можно встретить и в жизни. У меня есть друг Рома, у которого с самого детства была огромная любовь к спорту. Когда он был маленький, то с ним занимался отец, а позже, когда подрос, то каждый день пропадал часами на стадионе. Сейчас Рома увлекается спортом на профессиональном уровне. Он занимает лучшие места на соревнованиях и имеет большую популярность.
По примеру из жизни Ромы можно также понять, что выбор, который он совершил в далёком детстве определил его жизнь.
Таким образом, я пришёл к выводу, выбор, который человек делает еще в раннем возрасте, может предрешить его жизнь.",3,1
17,"Выбор это действие человека при котором он делает решения между несколькими вариантами ответа и пытается найти верный среди неправельных. Докажим справедливость своих слов на конкретном примере.
Так, в тексте Деникина в предложении 4 автор делает выбор какой из четырех предметов взять и он выбирает саблю и рюмку.
Приводя пример из своей жизни, хотел бы обратится к случаю который произошел с моим другом, ему предложили походить на занятия по математике, он долго не думая отказался.
Так, люди совершающие правильный выбор вызывает у меня чувство радости и гордости.",3,1
18,"Выбор - это осознанное решение человека, которое он выбирает из предложенные вариантов. Иногда человеку бывает очень сложно сделать выбор. Приведу два аргумента.
Автор рассказывает о своём детстве. Мальчишкой он часто пропадал в гимнастическом городке 1-ого стрелкового батальона, занимаясь военными упражнениями, После перехода в старшие классы свободного времени становилось меньше и его военные упражнения прекратились. После окончания училища у него стоял выбор: поступать в любое высшее заведение или выбрать военную карьеру. Он выбрал военную карьеру, несмотря на то, что у него были высокие баллы, которые сулили легкую возможность поступления.
У меня была похожая ситуация. В седьмом классе мы переехали на новую квартиру. Школа, в которой я училась, находилась в двух остановках от дома. Напротив нашего дома находился хороший лицей. Мне предстоял выбор: остаться в своей школе или перейти в новую, которая была ближе к дому. Я выбрала перейти в новую школу, так как хотела новых знакомств и общения.
Таким образом, выбор - это осознанное решение человека, которое он выбирает из предложенных вариантов.",3,1
19,"Что такое выбор? Человек встречается с выбором каждый день. Он выбирает, что съесть на завтрак, как одеться, как провести свободное время.
На примере текста А.И.Деникина мы видим, что главный герой сталкнулся с выбором карьеры после окончания училища. У него была лёгкая возможность поступления в людей высшее техническое заведение. Но он выбрал военную карьеру. На это повлияло то, что с самого детства его знакомили с военным делом. Отец рассказывал ему о своём тернистом пути от солдата до капитана. Главный герой целыми днями попадал в гимнастическом городке 1-го Стрелкового батальёна и приобретал друзей среди солдат. Так он прижился в военной среде. Поэтому главный герой сделал выбор, не задумываясь.
Мне тоже в своей жизни приходилось выбирать. Это было связно с музыкальной школой. Я мог отказаться от неё, но меня привлекала музыка, и поэтому я решил поступить. Мне было трудно учиться, но благодаря любви к музыке, поддержке родителей, я преодолел все трудности и закончил музыкальную школу на отлично.
Итак, я делаю вывод, что выбор - это предпочтения человека, которые зависят от множества факторов.",3,1
20,"Выбор - это решение, которое мы принимаем. Каждый день нам приходится выбирать, оценивая возможные варианты. Самые ответственные и серьезные решения мы принимаем в юности и молодости, связывая с ними нашу дальнейшую жизнь.
В качестве первого примера, возьмём рассказ Деникина Антона Иванович, русского военачальника, он повествовал о выборе, который ему пришлось сделать: ""Я избрал военную карьеру"". Это решение было очевидным, потому что с самого детства герой был заинтересован в военном деле.
Недавно мне тоже пришлось сделать выбор, связанный с моим будущим. Я приняла решение стать хирургом, несмотря на все предусмотренные сложности, для достижения этой цели.
К выбору, который будет влиять на ваше будущее или окружающих вас людей, стоит отнестись ответственно, чтобы потом вам не пришлось жалеть о неподходящем выбранном решении.",3,1
21,"Что такое выбор? Это решение, которое несёт за собой последствие. Человеку не раз приходится делать выбор каждый день. К сожалению, не всегда правильный. Попробую доказать справедливость своих слов на примерах из текста Деникина Антона Ивановича и из своего читательского опыта.
Ярким примером в тексте служит предложение N4. Главный герой осуществил выбор, решив какую именно взять вещь.
Вспоминается произведение Шолохова ""Судьба человека"". Главному герою Андрею Соколову не раз приходилось делать выбор. Идти на фронт, бежать от врага, убивать предателя, брать на воспитание мальчика.
Исходя из вышесказаных слов хочу подвести итог. Делая выбор, человек несёт за него ответственность, он расскрывает свою личность и решает свою судьбу.",3,1
29,"Выбор -действие человека, направленное на принятие какого-либо решения. Каждому человеку приходилось выбирать. Выбор может быть совершенно незначительным, как например выбор одежды перед школой, но есть выбор определяющий всю дальнейшую судьбу человека. Сейчас, после окончания девятого класса, каждый школьник должен сделать выбор, решить, остаться ему в школе или же уйти, а если уйти, то куда поступать? Какую проффессию выбрать? В тексте, главный герой избрал военную карьеру, не зная, следствие ли это гадания или каких-то других факторов.
На выбор человека всегда что-то, а иногда даже кто-то, влияет. Например, школьник после окончания девятого класса решил поступить в колледж на дизайнера Перед ним стоит выбор, в какой именно колледж ему поступить, тут на его выбор будут влиять два основных фактора: оценки в атистате и проходной балл в колледже. Он не сможет выбрать то учреждение, куда не проходит. Так же есть дополнительные факторы, мнение родителей и цена за обучение и так далее.
Но в большей степени на свой выбор влияет сам человек, исходя из личных предпочтений, убеждений и мировозрения. Человек любящий рисовать не станет выбирать между художественным институтом и строительным университетом, если на него не влияет кто-то или что-то. Что же в итоге? Каждый человек в праве делать свой выбор не зависимо от чужого мнения, слушая лишь себя.",3,1
30,"Выбор - это право человека опередить своё дальнейшее действие От нашего выбора зависят как малое положение дел, так и всё наше будущее
В тексте выбор рассказчика начинался с малого. Сначала это были предметы на гадании, потом его увлечения, а потом и будущая карьера И последний выбор был самым важным.
В жизни я каждый день сталкиваюсь с выбором. Но самым важным для меня является выбор своей будущей профессии это определит мою дальнейшую жизнь
Выбор будет преследовать на всю жизнь. И в определенных ситуациях мы должны быть очень внимательны, чтобы не совершить ошибку.",3,1
31,"Я думаю, что выбор - это действие человека, которое выполняет он сам, принимает важное решение, по какому пути ему следует идти по жизни.
Так, по тексту Ивана Антонович Деникина приведён, довольно, яркий пример на данную тему. Как главный персонаж, мальчик подросток после окончания училища выбора военную карьеру.
Мой пример из жизни. Однажды, у меня встал вопрос. В какую сторону я буду развиваться? В физическую или в умственную сторону. Если будешь развиваться в двух этих направлениях одновременно, то большого успеха не достигнешь. Я сделал выбор, что буду развиваться физически. И теперь я по этому направлению двигаюсь по жизни, добиваюсь лучших успехов
Из всех этих примеров следует вывод, что выбор - это очень важное решение в нашей жизни.",3,1
32,"Что такое выбор? Выбор это такое понятие что очень не легко объяснить но стоит попытаться, выбирать можно что угодно особенно в нашем двадцать первом веке где всё очень интерестное, развивающее ну можно сказать все делает за тебя.
Но это не самое главное. Вот лично для меня важнее сделать выбор друга, который не бросит тебя в трудную минуту, в радостный момент порадуется вместе с тобой. Ровно девять лет назад. я сделал выбор, я выбрал самого лучшего друга, который на протежении тринадцати лет вместе со мной и не раз мы друг друга не предали, все трудные минуты разделили на двоих и в радостные момент вместе радовались.
Делайте свой выбор правильным и достойным особенно при выбор друзей.",3,1
33,"Выбор - решение человека которое влияет на только на его судьбу но и на судьбу окружающих его людей.
В предложеном тексте говорится о том как в первый год жизни автора его родители устроили гадание, положив детскую саблю, рюмку и книжку. И то к чему верному он прикоснётся, сделает выбор, то и предопределит его судьбу.
И в моей жизни был выбор. Когда я узнал от родителей о том что мы переезжаем в другую деревню я очень не хотел туда ехать, мама сказала мне что если я захочу могу остаться дома, и я остался. Остался я потому что тут были мои друзья и я не мог их оставить потому что мы все дружим с первого класса.
Подводя итоги, я хочу сказать, что выбор должен быть у каждого человека, несмотря на его возраст, пол и другие знаки отличия.",3,1
34,"Что такое выбор? Выбор - в понятии представляет собой мнение человека в предстаявшим в выборе, между чем-то или кем-то. Человек может предопределить свой выбор. Ведь не известно как думает сам человек.
В предложении два, четыре и шесть ясно показан выбор мальчика и его отца.
В моей жизни случались много моментов где мне предстоял выбор какой предмет я буду сдавать, после какого класса я уйду, в какой город я поеду поступать и на какую профессию. Я сразу в пятом классе поставила себе цель в выборе предмета и в выборе профессии. И не только у меня был такой подобный случай. У многих людей случается разные выборы.
У многих людей есть свои выборы. Те которые или помогут в выборе разных профессий, в выборе того или иного предмета. Ведь нельзя взять и просто предугадать выбор человека. Ведь какой человек, так и его выбор в жизни.",3,1
35,"Что такое выбор? Это когда человек должен правельное решение выбрать. Я думаю, что выбор это решение при выборе чево либо. Приведу пример из литературы или из жизни.
В тексте А.Г. Деникин говорится о мальчике который делал выбор кем он хочет стать и он выбрал быть военым. Об этом говорится в предложение 19 23.
Приведу пример из жизни когда я был маленьким я всё время выберал кем я хочу стать и я себе сказал что я хочу быть пока самим собой.
Таким образом от правильного решения или выбора зависит всё и ты должен выберать что-то одно.",3,1
36,"Что такое выбор? Выбор - это решение которое принимает человек в соответствие со своими интересами и желаниями.
Чтобы доказать вышесказанное обратимся к тексту Антона Ивановича Деникина. В предложении 22, 23 мы видим, что главные герой имея высокие балы по математическим наукам, не поступает в высшее техническое заведение, а избирает военную карьеру. Этим он совершает свой выбор, который в дальнейшем повлияет на его жизнь.
В качестве второго аргумента, я хочу привести пример из личного жизненного опыта. В произведении М. Шолохова ""Судьба человека"" главный герой Андрей Соколов увидел мальчика-сироту Ванюшку обманывает его, говоря, что он его отец и забирает его к себе жить. На мой взгляд - это очень ответственный и достойный уважения выбор.
В заключение я хочу сказать, что перед тем как сделать какой то выбор, нужно очень хорошо подумать.",3,1
37,"Выбор - это то, что человек желает получить, при каком-либо выборе. Я считаю, что каждый человек имеет право на свой выбор. Докажу правоту своих слов на конкретных примерах.
В тексте А.И.Деникина повествует о мальчике который сделал свой выбор. Отец ему рассказывал о своей офицерской жизни. Мальчику эти рассказы представлялись весельем, так как они, по словам папы, беззаботные. В итоге мальчик сделал свой выбор, избрав военную карьеру.
Вторым аргументом послужит случай из жизни. Я выпускница 9 класса и перед мной стоит выбор ""Куда же пойти учиться?"". Я целый год думала над этим. И выбрала профессию которая мне по душе и по силам.
Таким образом, нужно делать правильный выбор, чтобы потом не жалеть.",3,1
38,"Выбор - это осознанное принятие решения из предложенного множества вариантов. С такой ситуацией человек сталкивается постоянно. Я считаю, что выбор профессии важен, ведь от этого зависит дальнейшая жизнь ребенка. Справедливость своих слов докажу конкретными примерами.
Обратимся к тексте Антона Деникина. В нем повествует о том, как мальчик выбирал профессию. С самого начала детства ему нравилось профессия военного. Для осуществления своей цели ходил в стрелковый батальон, слушал рассказы отца, который прошел путь ""от солдата до капитана"". Закончив училище, автор достиг своей цели и стал военным. Правильно сделанный выбор помог Деникину стать известным русским военачальником.
Подобный пример можно встретить и в жизни. Моя сестра Аня с самого детства мечтала стать доктором. Она читала книги, связанные с медициной, посещала дополнительные занятия по биологии и химии. Закончив институт, она стала педиатром. Этот пример показывает, что выбор помог Ане осуществить мечту.
Таким образом, выбор профессии, как и другой жизненный выбор, имеет большую роль в жизни человека.",3,1
39,"Что такое выбор? Выбор - это решение человека, влияющее на его жизнь.
В тексте А. Деникина главный герой сделал важный выбор карьеры. Детское гадание предопределило его интерес к военному делу (предложения 1-4), и он шел к своей цели.
Из личного опыта приведу пример выбора увлечения. В детстве я выбирал между музыкой и спортом. Решив заниматься музыкой, открыл для себя мир прекрасного.
Таким образом, правильный выбор формирует личность и определяет развитие человека.",3,1
22,"Что такое любовь? Для каждого человека любовь - это что-то своё. Любой человек дает разные определения любви.
Например, в тексте Яковлева у главного героя возникла особенная любовь. Любовь не ко внешности, а к голосу (пр. 1, 2). Он очень ярко описывает голос своей возлюбленной, потому что, если человек влюблён для него всё прекрасно в том человеке, которого он любит (пр. 3,4). Для него просто слова, произнесённые её голосом начинают иметь совсем не простой смысл (пр. 5,42). Я думаю, что если бы у главного героя спросили определение любви, то он бы дал его так: ""Любовь - это чувство, которое заставляет влюбиться в самое простое"".
В современной жизни такая любовь, как у главного героя возникает не часто, но всё же она присутствует. Например, в моей жизни присутствует любовь. Возможно, не такая как у главного героя, но всё же она есть. У меня есть любовь к моим родным, а это очень сильная любовь, которая не прекращается никогда. Поэтому, я считаю, что любовь - это не только чувства между парнем и девушкой, но это и чувства к твоим родным.
Итак, что такое любовь для меня? Для меня любовь - это прежде всего терпение ради родного человека. Если ты не можешь ждать человека, которого называешь любимым, то это уже не любовь, это что-то другое. Любовь - великое, трудное и сильное чувство.",3,8
23,"Что такое любовь? Любовь - это сокравенное чувство. Это чувство можно описать, как чувство безмятежности, легкости. Любовь - очень сильное и глубокое чувство. Докажу справедливость своих слов на конкретных примерах.
В тексте советского писателя и сценариста Ю.Я. Яковлева, мы видели, как мальчику понравился голос Наили (предложения 31-34). Он слушает этот голос с большим удовольствием. Можно полагать, что он влюблён в девочку. Мальчик неловко себя ведёт.
В современном мире к такому чувству, как любовь относятся не так, как раньше. Приведу пример из своей жизни. Не так давно, моя мама, рассказа мне одну историю. Во времена, когда мои родители были молоды и не были женаты, моя мама сильно заболела. Она не могла ходить. Мой папа не отходил от неё целыми днями держал её за руку и не отпускал. Если кто-то приходил к маме, он никого не подпускал. Папа сильно доложил ею. Вскоре мама шла на поправку. После этого они с папой поженились. Я считаю - это настоящая, крепкая любовь, и в горе, и в радости.
Можно сделать вывод, что любовь сплочает людей, делает их счастливыми. В некоторых случаях, как безответная любовь, разбитое сердце - человеку очень больно. Без любви жить может и проще, но это тоже самое, что жить без цветов и красок, в черно-белом цвете.",3,8
24,"Любовь - внутреннее нравственное чувство, выражающееся в тёплом отношении и готовности пойти на всё ради человека, которого любишь. Это чувство заставляет нас меняться, становиться лучше и относиться трепетней к окружающим. С любимым человеком хочется проводить как можно больше времени, которое проходит очень быстро. Докажу справедливость своих слов на конкретных примерах.
Обратимся к тексте Ю.Я. Яковлева. В данном отрывке иллюстрируются чувства мальчика к черноглазой Наиле. Герою рассказа было достаточно услышать только голос, чтобы влюбиться (предложения №2, 34) Для того, чтобы продолжать наслаждаться её голосом и совместить приятное с полезным, он попросил прочитать её таблицу умножения (предложение №36), которая превратилась в стихи (предложение № 43).
В своей жизни я часто наблюдала проявление данного чувства. Когда моя сестра встретила своего будущего мужа, она была довольно полной. Тогда она еще не имела представления о том, как привязанность и любовь могут заставить сделать вещи за пределами своих амбиций. Но вскоре чувства взяли над ней вверх и она похудела. Это было только её инициативой, она хотела, чтобы любимые голубые глаза засияли от гордости и любви еще больше.
Таким образом, любовь - необычное чувство, заставляющее нас делать намного больше. Чувство любви наполняет эйфорией, способной заставить нас становиться лучше рядом с любимым человеком и не терять ни секунды вместе.",3,8
25,"Любовь - это чувство привязанности к чему-либо или к кому-либо. Это симпатия к определенному объекту. Любовь бывает как к живому существу, так и к какому-либо предмету. Рассмотрим это на примерах.
В тексте советского писателя и сценариста Ю.Я. Яковлева главный герой осознает, что постепенно влюбляется в девочку из своей школы (Наиля). Он начинает любить в ней все: голос, губы, дыхание. Герой-рассказчик готов просто слушать голос Наили, и ему не важно, что именно она будет говорить. Это и есть любовь.
Приведу пример из жизни. В знаменитом произведении ""Алые Паруса"" главная героиня знакомится с новым другом, который после становится ее судьбой. После их долгой разлуки они, наконец, встречаются вновь. Ассоль бежит к Грэю на ""крыльях любви"", крепко обнимает его, Грэй же отвечает взаимностью. Эта привязанность и есть любовь.
В заключении хочется сказать, что жизнь не бывает без любви. Нужно верить в любовь, даже если она происходит с первого взгляда.",3,8
26,"Любовь - как говорят многие, бывает с первого взгляда. Она бывает разного вида: взаимная и не взаимная. У любви нет предела возможностей. Каждый человек показывает свою любовь разными способами. Когда человек влюбляется, он испитывает море эмоций. Одновременно хочется петь и танцевать, прыгать и бегать. Это невозможно описать словами.
Пример из текста: Один мальчик, прежде чем увидеть Наилю, услышал её голос. Её голос очень поразил этого мальчика, показался чем-то необычным. Когда он слышал её голос, он представлял её самой красивой девочкой на этой планете. Мальчик не хотел, чтоб её голос покидал его. Ему хотелось вечно слушать её голос и никто больше.
Пример из жизни: Как-то раз я встретил одну девочку, она мне сильно понравилась. До этого мы с ней на протяжении двух месяцев общались по Интернету. Тут я собрался с мыслями и подошёл к ней. Она была растеряна и напугана, но немного разговорились и всё стало хорошо. Мы находили много разных тем для разговора. Так мы общались месяц, узнавали друг друга получше и я предложил ей встречаться. На что ответила: ""Я не против!"".
Если вы в кого-то влюбляетесь, или же просто хотите общаться, не бойтесь делать первый шаг.",3,8
27,"Что же такое любовь? Любовь - это особое чувство человека, проявляющее симпатию к другому человеку. Любовь бывает разная. Существует материнская любовь, школьная любовь, детская любовь, дружеская любовь и т.д.
В качестве первого аргумента приведём пример из текста Ю.Я. Яковлева, где парень испытывает симпатию к Наили.
Её голос является музыкой для него. По голосу Наили главный герой уже представляет её образ, как сказано в предложении 7: ""... Я услышал голос Наили и представил себе её: волосы должны быть тёмными, глаза - с угольками в середине, губы - чуть припухшие..."" Когда парень попросил её прочитать таблицу умножения, можно сказать, что ему не важно, что она будет говорить, главное для него, просто слышать её нежный голос. Я думаю, что данный пример и является любовью.
В качестве второго аргумента приведём пример из жизни. Мама - самое главное в нашей жизни. Не смотря на ссоры, разногласия и обиды, мама всегда простит. Она нас растила, воспитывала, не давала в обиду. Ей можно рассказать всё. Мама всегда поймёт своего ребёнка, т.к. она любит его. Всё это называется материнской любовью.
Из вышеперечисленного, я могу сказать, что любовь - это самое главное чувство человека. Без любви человек был бы серым в душе, и, возможно, остался бы одиноким.",3,8
28,"""Любовь""
Что же такое любовь? Любовь - это межличностные отношения, которые связаны взаимной симпатией друг к другу
Все мы хотябы раз в жизни испытывали такое прекрасное чувство, как любовь. Текст, который дан мне в киме, хорошо даёт понять, что такое любовь. Услышав голос девочки, мальчик понял, что он влюблён в его звучание ""по уши"". Но как оказалось в дальнейшем не только голос Наили заставляет его сердце бится чаще. В моей жизни есть только один пример проявления искренней любви. Родители, к ним у меня самая чистая любовь. Ведь они с момента нашего появления на свет, вкладывали в нас всё самое лучшее, не желея сил и времени. А мы, как любящие дети просто обязаны уделять им больше внимания и быть всегда рядом с ними.
Я считаю, что каждый из нас должен быть любимым, каким бы он не был. Для человека, это просто необходимо.",3,8
40,"Любовь — это когда услышишь голос человека и сердце начнёт биться быстрее. Рассказчик услышал голос Наили и был поражён им. В её голосе звучали две струны — одна низкая, другая высокая, которые то звучали отдельно, то сливались вместе. Простые слова в её исполнении меняли своё значение.
По голосу он представил её внешность: тёмные волосы, чёрные глаза, припухшие губы. Когда голос умолкал, рассказчик боялся, что больше его не услышит. Он хотел, чтобы этот голос звучал вечно только для него.
Встретив Наилю на берегу, он узнал, что они учатся в одной школе. Её голос полностью захватил власть над ним. Даже таблица умножения в её исполнении превращалась в стихи. Любовь меняет восприятие мира.",3,8
47,"На мой взгляд красота - это то, что симпатизирует человеку эстетически, душевно. Красоту можно назвать чувством, вызывающим радость и эйфорию. Мне кажется, что красота имеет важное значение в жизни каждого человека.Без красоты мир казался бы тусклым, однотонным и без ярких красок, порождающих счастье.
Исходя из прочитанного текста можно пример из жизни обычных людей, которые сблизились и стали счастливы, наблюдая за красотой природы.
Примером из жизни может послужить один случай. Один художник, который чувствовал и видел красоту во всем стал очень известным и поимел людские симпатии к своим картинам. Он жил красотой, проникся ею, что было замечено в его картинах.
Таким образом, я могу сделать вывод, что красота имеет большое значение в жизни людей. Красота сближает человечество, помогает кому-то найти себя в жизни и вызывает яркие эмоции. Поэтому тяжело представить окружающий мир без красоты.",3,5
48,"Что же такое красота? Я думаю, красоту можно разделить на два понятия: внешняя и внутренняя. Внешняя красота - наличие приятных внешних данных. А внутренняя красота - это характеристика души человека, которой характерны доброта, отзывчивость, гуманность, честность.
Чтобы подтвердить свое мнение, проанализируем текст и пример из жизненного опыта. В тексте автор говорит, что у каждого в сердце живет красота, которую важно суметь разбудить. Так люди, которые сидели в барже, смогли пробудить в себе эту красоту. За небольшой промежуток времени они смогли сблизиться и показать свои незащищенные стороны. Во время пения всех объединили воспоминания и тревоги. Они не говорили об этом вслух, но каждый чувствовал это. В этой ситуации пробудить красоту помогло слияние с природой. Красота души помогла людям мысленно объединиться и поддержать друг друга.
Пример красоты можно встретить и в моей жизни. В нашей школе есть мальчик, который не обладает красивой внешностью, не носит модную одежду и иногда донашивает старые вещи. Из-за этого над ним часто смеялись, шутили и не хотели дружить. Но однажды все узнали о его жизни вне школы. Оказывается, он не тратил деньги, чтобы помогать родителям и иногда делать подарки сестре. Он уже долгое время подрабатывал за небольшую сумму и при этом любил добровольно помогать людям. После этог оу многих поменялось о нем мнение в лучшуу сторону, ведь внутренняя красота важнее.",3,5
54,"Какое же значение имеет слово красота? Есть разные варианты. Красота может быть связана с человеком, как с внутренними так и с внешними качествами.Так же красота может быть в природе, в словах, в поступках. И у каждого эта красота разная.
По тексту Грибова Юрия Тарасовича, можно понять что, красота, в данном случае красота природы, может даже сблизить совершенно разных людей. Это мы можем понять прочитав предложение из текста - ""Рабочие отложили карты, а женщины тперестали есть. Несколько минут стояла тишина"". А так же ""Они некоторое время молчали, не отрывая серьезных лиц от берега, и вздохнув, поправив платочки, продолжали петь, смотря друг на друга и ка бы чувствуя родство душ."" Автор много раз подчеркивал детали красоты природы. Грибов Ю.Т. считает что красота живет в сердце каждого, только стоит ее отыскать. Что каким бы не был человек внутри него обязательно есть красота, это можно доказать словами из текста - ""Еще подумал я о том, что красота, видно, живет в сердце каждого человека и очень важно суметь разбудить ее, не дать ей умереть, не проснувшись.
Как и сказал автор красота присутствует у всех в жизни, вот и я не исключение. В моей жизни была такая ситуация. Мы с друзьями ходили в поход, и в середине дня разругались. Все думали, что поход теперь будет не интересным, и я также думала. Ближе к вечеру моя подруга предложила пожарить зефир на костре, я не отказалась. Так же мы позвали всех остальных они тоже пришли. В месте, где мы  жврили хефир, был очень красивый вид. Мы начали рассматривать закат и разболтались. В итоге каждый извинился перед друг другом, и все помирились. Благодаря природе, а точнее ее красоте мы снова стали веселиться, и вечер прошел отлично.
Я считаю что красота в жизни человека имеет очень большую роль. Это связывает и сближает. Так же я согласна с высказыванием автора о красоте. Это правда красота живет внутри каждого из нас надо только ее разбудить.
",3,5
45,"В рассказе В. М. Пескова мальчик из деревни однажды отправился с отцом в город и заметил в книжном магазине яркий том с большими иллюстрациями. Отец, оценив цену, отложил покупку «на другой раз», но спустя две недели они вернулись и приобрели заветную книгу.
Во время обратной поездки мальчик с гордостью поставил книгу на подоконник вагона. Когда поезд тронулся, том выскользнул между двойными рамами. Мальчик растерялся и заплакал, а сосед-лётчик сразу же подключился к поискам. Он вместе с остальными пассажирами попытался достать книгу, демонстрируя готовность помочь чужому горю.
К моменту прибытия на первую станцию книга всё ещё оставалась застрявшей. Тогда лётчик приободрил мальчика: «Не переживай, мы обязательно пришлём её тебе». На следующий день мальчиков отец получил от лётчика посылку с возвращённой книгой. Через несколько дней пришло ещё семь одинаковых томов с запиской: «Я же говорил, что мы достанем её».
Прошли годы, и в военное лихолетье все эти книги были утеряны. Но мальчик, став взрослым человеком, до сих пор хранит тёплую память о бескорыстной заботе незнакомых людей. Этот случай убедил его, что добра и готовности прийти на помощь в мире значительно больше, чем эгоизма, а человеческое тепло способно преображать жизнь.",3,6
49,"Бескорыстность - одно из самых светлых и нужных качеств человека, готовность безвозмездно помогать другим. Бескорыстный человек делает самые ""правильные"" поступки просто так, не ищя для себя выгоды. Он не боится протянуть руку помощи тому, кто оказался в беде.
В приведеном тексте примером бескорыстного человека является летчик, а также все те люди, кто отправил мальчику книжку. Ведь никто им за это не платил, никто не просил их это делать, все те люди совершили такой поступок, чтобы обрадовать мальчика, и никто из них не ждал ничего взамен.
В моей жизни было множество различных ситуаций, в которых люди совершали бескорыстные поступки. Например, однажды по пути в деревню я и моя тетя заехали по пути на заправку, там у кассы стоял и считал мелочь какой-то мужчина. Кассир озвучивал ему цены на разные булочки, а мужчина лишь продолжал повторять: ""а подешевле нет?"". Тогда моя тетя оплатила ему булочку и чай, хотя ее не просили и взамен она ничего не получила. Мужчина долго благодарил ее и вскоре мы продолжили свой путь.
Бескорыстность - качество честного, доброго и отзывчивого человека, поэтому с легкостью можно сказать: бескорыстный человек - хороший человек.
",3,6
50,"Бескорыстность - это желание помочь без какой-либо выгоды. Бескорыстностью обладают добрые и честные люди.
В тексте В.М. Пескова говорится о мальчике и потерянной книге. Он долго хотел ту книжку, но после покупки потерял ее в вагоне. Мальчишка расстроился и стал плакать. Летчик подбежал к нему и пообещал вернуть книгу.
Спустя время мальчик получил семь одинаковых книжек от пассажиров вагона.
В ситуации когда я расстеряна я всегда могу получить поддержку от людей и они никогда не ищут выгоды.
Таким образом бескорыстность -помощь и поддержка тем, кто в этом нуждается.",3,6
51,"Бескорыстность - способность делать добро без ожидания награды. 
Она проявляет истинную доброту и благородство. В рассказе В. М. Пескова попутчики бескорыстно помогают мальчику, отдавая книги и поддержку. 
В «Юшке» А. П. Платонова главный герой отдает сиротке все накопления, не требуя ничего взамен. 
Эти примеры показывают, что бескорыстность - важное человеческое качество, присущее щедрым сердцам.",3,6
52,"Что такое бескорыстность? Бескорыстность - это способность человека помочь, не ищя для себя выгоды, и не ждать при этом благодарности. Бескорыстность красит человека и характиеризует его отношение к другим, готовность помочь без повода и вознаграждения. Докажу свои высказывания тезисами из текста.
В тексте мальчик ехал в поезде с книгой. Он поставил ее на открытое окно, отвлекся, и книга исчезла между двойными окначи вагона. Сосед-летчик, а потом и весь вагон, понимали, что маленький ребенок ничем не смжет их вознаградить, проявили бескорыстность и попытались достать книгу на протяжении всей дороги. Даже после того, как мальчик вышел из поезда из-за прибытия на станцию, пассажиры вагона продолжили попытки, несмотря на то что ребенка,которому принаджедит книга, уже нет рядом. Многие на их месте уже давно бы бросили, но они упорно продолжали доставать книгу. Достав ее, сосед-летчик отослал книгу мальчику по почте, не потребовав денег или чего-то еще за свои старания.
В моей жизни была похожая ситуация. В один день, по дороге домой, я увидел горящий дом. На улице было много людей, успевших выбежать из того дома, и, кричавших, что внутри остались еще дети и раненные люди. И тут я заметил мужчину, смело шагающего по карнизу горящего дома. Он залез в окно и на протяжении двадцати минут детей и раненных и после убежал, ничего не сказав. Он не потребовал вознаграждения, благодарности или чего-то еще. Он рискнул своей жизнью ради других, проявив бескорыстную помощь.
В заключение хотелось бы сказать, что настоящие добрые люди - это те, кто способен на бескорыстную помощь.
",3,6
