essay_id,H1,H1_explanation,H2,H2_explanation,H3,H3_explanation,H4,H4_explanation
1,1,"Ученик верно объяснил содержание фрагмента, указав, что главный герой самостоятельно сделал выбор военной карьеры, несмотря на возможный результат гадания.",3,"Приведены два примера из текста, которые ясно иллюстрируют, как рассказы отца, гимнастика и общение с военными повлияли на формирование призвания героя.",2,"Сочинение имеет логичную структуру, однако присутствуют незначительные нарушения последовательности изложения.",1,"Сочинение соответствует трём частям композиции: введение, основная часть, заключение. Завершённость присутствует."
2,1,"Ученик верно объясняет содержание фрагмента, указывая на выбор военной карьеры главным героем и сомнение в случайности такого выбора.",3,"Приведены два примера из текста, которые ясно иллюстрируют увлечение главного героя военным делом в детстве: стрельба в тире и общение с офицерами и солдатами.",2,"Сочинение логично построено, мысли последовательно раскрывают тему, однако присутствуют незначительные нарушения последовательности изложения.",1,"Работа композиционно выстроена, присутствует вступление, основная часть и заключение, хотя наблюдается некоторая небрежность в завершении."
6,1,"Ученик верно объясняет содержание фрагмента, указывая на связь между предсказанием судьбы и выбором военной карьеры.",3,"Приведены два примера из текста, которые ясно иллюстрируют, почему герой сделал выбор в пользу военной карьеры: любовь к шпаге с детства и увлечение стрельбой, общение с солдатами.",2,"Сочинение имеет некоторые нарушения логики и последовательности изложения, однако основной смысл передан последовательно.",1,"Работа композиционно выстроена, присутствует вступление, основная часть и заключение."
7,1,"Ученик верно объяснил содержание финала произведения Антона Деникина, указав на символику действий героя и связь с предсказанием гадания.",3,"Приведены два примера из текста, которые точно иллюстрируют понимание учеником финала произведения: мальчик дотрагивается до предметов, символизирующих будущую судьбу, и размышляет о значении гадания во взрослом возрасте.",2,"Сочинение логично выстроено, мысли последовательно развиваются от объяснения финала произведения к личным рассуждениям ученика о влиянии гаданий на судьбу человека, однако присутствуют незначительные стилистические погрешности.",1,"Работа имеет четкую композицию: введение, основная часть и заключение, где ученик формулирует собственную позицию относительно роли гаданий в жизни человека."
8,1,"Ученик верно объясняет смысл фрагмента, указывая на идею личного выбора и независимости от внешних факторов.",3,"Приведены два примера из текста, которые ясно иллюстрируют мысль автора о самостоятельности выбора и ответственности за свою судьбу.",2,"Сочинение имеет логичную структуру, однако присутствуют незначительные нарушения последовательности изложения.",1,"Работа демонстрирует трёхчастную композицию и завершена, допущена одна композиционная ошибка"
9,1,"Ученик верно объясняет содержание финала текста, указывая на символический смысл гадания и влияние судьбы.",3,"Приведены два примера из текста, которые ясно иллюстрируют понимание учеником финала произведения. Первый пример описывает гадание родителей и реакцию мальчика, второй — выбор военной карьеры героем.",2,"Сочинение логично выстроено, мысли последовательно переходят от одной части к другой, однако присутствуют незначительные стилистические погрешности.",1,"Работа имеет трехчастную композицию и завершена, хотя присутствует одна незначительная композиционная ошибка."
10,1,"Ученик верно объясняет содержание фрагмента, указывая на влияние рассказов отца и игр в военном городке на выбор героем военной карьеры.",3,"Приведены два примера из текста, которые ясно иллюстрируют влияние детства героя на его профессиональный выбор: рассказы отца и увлечение играми в военном городке.",2,"Сочинение логично выстроено, мысли последовательно переходят от одной к другой, однако присутствуют незначительные стилистические погрешности.",1,"Сочинение имеет трёхчастную композицию и завершено, хотя присутствует небольшая композиционная рыхлость."
11,1,"Ученик верно объясняет содержание фрагмента, указывая на влияние родителей на выбор военной карьеры мальчика.",3,"Приведены два примера из текста, которые ясно иллюстрируют формирование интереса мальчика к военной карьере через рассказы отца и занятиями в гимнастическом городке и тире.",2,"Сочинение имеет логичную структуру, однако присутствуют незначительные нарушения последовательности изложения.",1,"Работа композиционно выстроена, присутствует вступление, основная часть и вывод, хотя наблюдается некоторая перегруженность фактическими примерами."
12,1,"Ученик верно объясняет содержание фрагмента, указывая на интерес мальчика к военной службе и связь этого интереса с детскими играми.",3,"Приведены два примера из текста, которые ясно иллюстрируют понимание учеником фрагмента: мальчик увлекается военными играми и представляет будущую службу как веселое занятие.",2,"Сочинение имеет небольшие нарушения логической последовательности: второй пример несколько противоречит первому, поскольку мальчик сначала видит службу как трудную, а потом — как веселую. Однако общая структура сочинения логична.",1,"Работа композиционно выстроена: выделены три части — вступление, основная мысль и вывод, однако присутствует незначительная ошибка в завершении (отсутствует обобщающий вывод)."
13,1,"Ученик верно объясняет содержание предложенного фрагмента, указывая на влияние различных факторов на выбор профессии и подчеркивая важность личного влечения.",3,"Приведены два примера из текста, которые ясно иллюстрируют, как личные интересы и увлечения влияют на профессиональный выбор героя произведения.",2,"Сочинение характеризуется хорошей логичностью и последовательностью изложения мыслей, однако присутствуют незначительные стилистические погрешности.",1,"Работа демонстрирует наличие трех композиционных частей: введение, основная часть и заключение, при этом мысль выражена полно и завершено."
14,1,"Ученик верно объясняет содержание фрагмента, указывая на выбор главного героя военной карьеры и связь этого выбора с гаданием.",3,"Приведены два примера из текста, которые ясно иллюстрируют влияние гадания на выбор профессии героя и его отношение к полученному знанию («Сабля, действительно, предопределила мою жизненную дорогу», «прижился в военной среде»).",2,"Сочинение имеет логичную структуру, последовательное изложение мыслей, однако присутствуют незначительные стилистические погрешности.",1,"Работа композиционно выстроена, содержит вступление, основную часть и заключение."
15,1,"Ученик верно объясняет содержание предложенного фрагмента, указывая на связь судьбы и выбора профессии.",2,"Приведены два примера из текста, первый («было ли это следствием гадания?» — намек на предопределенность судьбы) хорошо поясняет смысл фрагмента, второй («ему нравится офицерская жизнь») слабее связан с основной мыслью ученика.",2,"Сочинение логично выстроено, мысли последовательно развиваются, однако присутствуют незначительные нарушения связности.",1,"Работа композиционно оформлена правильно, присутствует вступление, основная часть и заключение."
3,1,"Ученик верно объяснил содержание фрагмента, указав на изменение восприятия текста благодаря особенностям голоса героини.",3,"Приведены два примера из текста, которые ясно иллюстрируют особенности голоса героини и его влияние на восприятие текста.",2,"Сочинение логично построено, однако присутствуют незначительные нарушения последовательности изложения.",1,"Работа имеет трехчастную композицию и завершена, допущена одна композиционная ошибка"
4,1,"Ученик верно объяснил содержание финала текста, указав, что герою-рассказчику нравился голос Наили, и любые её слова воспринимались героем как поэзия.",3,"Приведены два примера из текста, которые точно соответствуют пониманию учеником финала произведения и подтверждают его интерпретацию.",2,"Сочинение логично выстроено, мысли последовательно развиваются от объяснения финала до заключения, однако присутствуют незначительные нарушения связности.",1,"Работа имеет четкую композицию: введение, основная часть с примерами, заключение. Завершённость выражена ясно."
5,1,"Ученик верно объяснил содержание финала текста, указав на красоту голоса Наили и его необычность.",3,"Приведены два примера из текста, которые точно иллюстрируют понимание учеником финала произведения: мальчик поражён необычным голосом Наили и просит её прочесть таблицу умножения, чтобы снова услышать этот необычный голос.",2,"Сочинение характеризуется наличием логической связи между частями, однако присутствуют незначительные нарушения последовательности изложения.",1,"Работа имеет трёхчастную композицию и завершена, хотя присутствует небольшая композиционная недоработка."
41,1,"Ученик верно объясняет содержание фрагмента, указывая на важность пробуждения красоты в сердцах людей.",3,"Приведены два примера из текста, которые ясно иллюстрируют понимание учеником идеи автора о красоте и способности людей замечать её вокруг себя.",2,"Сочинение имеет незначительные нарушения логики и последовательности изложения, однако общая структура сохранена.",1,"Работа демонстрирует наличие трех частей: введение, основная часть с примерами, заключение. Завершённость выражена."
42,1,"Ученик верно объяснил содержание предложения, указав, что красота заложена в каждом человеке, однако её нужно пробудить.",3,"Приведены два примера из текста, которые ясно иллюстрируют понимание учеником смысла фрагмента. Первый аргумент взят из предложений 10-17, второй — из предложений 19-23.",2,"Сочинение имеет четкую структуру и последовательное изложение мыслей, однако допущена одна логическая ошибка: во втором примере ученик утверждает, что природа сблизила людей, тогда как в тексте говорится о сближении людей через осознание красоты природы.",1,"Работа композиционно выстроена: выделены три части — введение, основная мысль и вывод. Завершение работы выражено достаточно четко."
43,1,"Ученик верно объяснил содержание финала произведения, указав на связь внутренней красоты человека и воздействия природы.",3,"Приведены два примера из текста, которые ясно показывают, как красота природы пробуждает внутреннюю красоту персонажей и сближает их между собой.",2,"Сочинение характеризуется хорошей логической структурой и последовательностью изложения мыслей, однако присутствуют незначительные речевые ошибки.",1,"Работа имеет трехчастную композицию и завершена, хотя присутствует одна композиционная ошибка — отсутствие четкого перехода от анализа к выводу."
53,1,"Ученик верно объяснил содержание фрагмента, указав, что красота присутствует в каждом человеке и важно уметь её раскрыть.",2,"Приведены два примера из текста, первый поясняет идею вечности природной красоты, второй — силу и объединяющую способность природной красоты. Оба примера соответствуют пониманию учеником фрагмента, однако второй пример лишь частично раскрывает мысль автора.",2,"Сочинение структурировано логично, мысли последовательно переходят от одной к другой, соблюдена смысловая цельность и связность изложения.",1,"Композиция сочинения соответствует требованиям: введение, основная часть и заключение присутствуют, текст завершен."
55,1,"Ученик верно объясняет содержание фрагмента, указывая на важность раскрытия красоты в душе каждого человека.",3,"Приведены два примера из текста, которые ясно иллюстрируют мысль автора о красоте, живущей в сердцах людей и раскрывающейся через природу и окружающий мир.",2,"Сочинение имеет четкую структуру и последовательное изложение мыслей, однако присутствуют незначительные логические повторы и избыточные выражения.",1,"Работа демонстрирует трехчастную композицию и завершенность мысли, хотя присутствует одна незначительная композиционная ошибка."
56,0,Недостаточный объем сочинения: 67 слов при требуемых 70,0,Недостаточный объем сочинения: 67 слов при требуемых 70,0,Недостаточный объем сочинения: 67 слов при требуемых 70,0,Недостаточный объем сочинения: 67 слов при требуемых 70
44,1,"Ученик верно объяснил содержание фрагмента, указав на идею автора о добрых поступках большинства людей и важности оценивать поступки человека по количеству сделанного добра.",3,"Приведены два примера из текста, которые ясно иллюстрируют мысль ученика о хороших поступках героев произведения: папа мальчика выполнил свое обещание купить книгу, а пассажиры поезда проявили заботу о мальчике, купив ему книги взамен утраченной.",2,"Сочинение имеет четкую структуру и последовательное изложение мыслей, однако присутствуют незначительные логические повторы и неоправданные повторения слов («помогать людям», «человеку»).",1,"Работа композиционно выстроена грамотно: есть вступление, основная часть и заключение, отражающее главную мысль."
46,1,"Ученик верно объясняет содержание фрагмента, указывая на мысль автора о преобладании добрых и бескорыстных людей.",3,"Приведены два примера из текста, которые ясно иллюстрируют бескорыстие и доброту людей, проявленную в отношении героя рассказа.",2,"Сочинение характеризуется последовательностью и логичностью изложения мыслей, однако присутствуют незначительные нарушения связности.",1,"Работа имеет трехчастную композицию и завершена, хотя присутствует одна незначительная композиционная ошибка."
16,1,Есть определение понятия 'выбор' и простой ответ на вопрос темы — наличие тезиса.,3,"Приведены два примера: один из текста и второй из личного опыта, оба иллюстрируют тезис.",2,"Имеются незначительные логические ошибки, одна синтаксическая ошибка, нарушающая связность текста.",1,"Сочинение соответствует трёхчастной композиции, вывод сформулирован корректно."
17,1,Есть определение понятия 'выбор' и простой ответ на вопрос темы (тезис).,2,"Приведены два примера: первый — из текста Деникина, второй — личный опыт друга. Оба примера иллюстрируют тезис, хотя второй пример слабее первого.",1,"Имеются незначительные логические ошибки, одна синтаксическая ошибка, нарушающая связность текста.",1,Сочинение имеет трехчастную композицию и завершено.
18,1,Есть определение понятия 'выбор' и простой ответ на вопрос темы (тезис).,3,"Приведены два примера: первый — из текста, второй — личный опыт. Оба примера иллюстрируют тезис.",2,"Имеются незначительные логические ошибки, одна синтаксическая ошибка, нарушающая связность текста.",1,Сочинение имеет трёхчастную композицию и завершено.
19,1,Есть определение понятия 'выбор' и простой ответ на вопрос темы (тезис).,2,"Приведены два примера: первый — из текста, второй — личный опыт. Оба примера иллюстрируют тезис.",2,"Сочинение логично выстроено, есть смысловая целостность и последовательность изложения. Одна стилистическая ошибка.",1,"Трёхчастная композиция соблюдена, вывод сформулирован корректно."
20,1,"Присвоен 1 балл, так как есть определение понятия 'выбор' и простой ответ на вопрос темы — приведено общее рассуждение о значимости выбора.",2,"Присвоено 2 балла, поскольку приведены два примера: первый взят из литературного источника (рассказ Деникина А.И.), второй — личный опыт автора, однако второй пример слабее иллюстрирует тезис, так как связь между выбором стать хирургом и ответственностью за будущее человека недостаточно обоснована.",2,"Присвоено 2 балла, так как сочинение логично выстроено, хотя присутствуют небольшие нарушения последовательности изложения (например, переход от общего рассуждения к примерам недостаточно плавный).",1,"Присвоен 1 балл, так как сочинение имеет трехчастную композицию и завершено, хотя композиционные границы частей выражены нечетко."
21,1,Есть определение понятия 'выбор' и простой ответ на вопрос темы — наличие тезиса.,2,"Приведены два примера: один из текста Деникина (предложение N4) и второй из литературы (Шолохов ""Судьба человека""). Оба примера иллюстрируют тезис, хотя второй пример слабее связан с темой ответственности выбора.",2,"Сочинение логично выстроено, есть смысловая целостность и последовательность изложения. Одна незначительная логическая ошибка снижает оценку до двух баллов.",1,"Композиция трёхчастная: введение-тезис, аргументы, вывод. Нет серьёзных нарушений композиционной стройности."
29,1,Есть определение понятия 'выбор' и простой ответ на вопрос темы — наличие выбора определяет судьбу человека.,2,"Приведены два примера влияния внешних обстоятельств на выбор человека: первый пример взят из текста, второй — личный опыт ученика, поступающего в колледж. Оба примера иллюстрируют влияние различных факторов на решение человека.",2,"Сочинение структурировано логично, мысли последовательно переходят одна в другую, однако присутствуют небольшие стилистические погрешности, влияющие на общую оценку.",1,"Композиция сочинения соответствует трём частям рассуждения: введение, основная часть, заключение. Завершённость выражена ясно."
30,1,Есть определение понятия 'выбор' и простой ответ на вопрос темы (тезис).,2,"Приведены два примера: первый — из текста, второй — личный опыт. Оба примера иллюстрируют тезис.",2,"Сочинение логично построено: есть введение, основная часть и заключение. Нет грубых логических ошибок.",1,"Трёхчастная композиция соблюдена, сочинение завершено."
31,1,Есть определение понятия 'выбор' и простой ответ на вопрос темы (тезис).,2,"Приведены два примера: один из текста и второй из личного опыта, оба иллюстрируют тезис.",2,"Смысловая цельность, связность и последовательность изложения соблюдены, одна логическая ошибка допущена.",1,"Трехчастная композиция соблюдена, вывод сформулирован корректно, композиционных ошибок меньше одной."
32,1,"Определено понятие выбора и приведена попытка ответить на вопрос темы, хотя формулировка расплывчата.",2,"Приведены два примера: первый — личный опыт автора, второй — абстрактный вывод о важности правильного выбора друга, однако связь между примерами и тезисом слабая.",1,"Сочинение логически выстроено, присутствуют вводная, основная и заключительная части, однако есть незначительные нарушения последовательности изложения.",1,"Композиция сочинения соответствует требованиям: введение, основная мысль, заключение, каждая часть композиционно завершена."
33,1,Определено понятие выбора и приведена попытка ответить на вопрос темы — выбор влияет на судьбу человека.,2,"Приведены два примера: первый — из текста, второй — личный опыт ученика, однако второй пример недостаточно полно раскрывает тему, поскольку ученик ограничивается простым указанием причины своего поступка, не показывая влияние выбора на судьбу окружающих.",1,"Сочинение логично выстроено, есть вступление, основная мысль и вывод, однако присутствуют незначительные нарушения последовательности изложения.",1,"Композиция сочинения близка к трехчастной, присутствует вводная, основная и заключительная части, хотя отсутствует четкая завершённость вывода."
34,1,"Определено понятие выбора и приведена попытка ответить на вопрос темы, хотя формулировка определения неполная и недостаточно развёрнутая.",2,"Приведены два примера: первый — из текста, второй — личный опыт. Оба примера иллюстрируют тезис о наличии выбора в жизни человека, однако связь второго примера с темой сочинения слабая.",1,"Сочинение имеет логичную структуру, но присутствуют незначительные нарушения последовательности изложения и повторения отдельных мыслей.",1,"Композиция сочинения трёхчастная, присутствует вступление, основная часть и заключение, однако отсутствует чёткая завершённость финала."
35,1,Есть определение понятия 'выбор' и простой ответ на вопрос темы (тезис).,2,"Приведены два примера: один из текста и второй из личного опыта, оба иллюстрируют тезис.",1,"Имеются незначительные логические ошибки, одна синтаксическая ошибка, нарушающая связность текста.",1,Сочинение имеет трехчастную композицию и завершено.
36,1,"Определено понятие 'выбор' и приведена попытка ответить на вопрос темы, хотя формулировка определения простая.",2,"Приведены два примера: первый — из текста Деникина, второй — из произведения Шолохова. Оба примера иллюстрируют тезис, однако второй пример слабее первого, поскольку связь между поступком героя рассказа и понятием выбора неочевидна.",2,"Сочинение структурировано, мысли последовательно переходят одна в другую, однако присутствуют незначительные логические несостыковки.",1,"Композиция сочинения соответствует трём частям: введение-тезис, основная часть-доказательства, вывод-заключение. Завершённость присутствует."
37,1,"Присутствует определение понятия 'выбор' и простой ответ на вопрос темы. Например, указано, что выбор — это возможность человека самостоятельно принимать решения.",2,"Приведены два примера: первый взят из текста (рассказ мальчика о военной карьере отца), второй — личный опыт выпускницы школы, размышляющей о своем будущем после девятого класса.",2,"Сочинение структурировано логично, есть вступление, основная часть и заключение. Однако присутствуют незначительные стилистические ошибки, которые снижают оценку до двух баллов.",1,"Сочинение соответствует требованиям композиции: введение содержит тезис, основная часть подтверждает его примерами, вывод подводит итог сказанному. Одна небольшая ошибка допустима."
38,1,"Присвоен 1 балл по критерию К1, так как в сочинении есть простое определение понятия 'выбор' и сформулировано мнение автора по данной теме.",3,"Присвоены 3 балла по критерию К2, поскольку приведены два примера: один из текста (Деникин выбрал военную карьеру) и личный пример (сестра выбрала профессию доктора). Оба примера подтверждают тезис автора.",2,"Присвоено 2 балла по критерию К3, так как сочинение написано грамотно, последовательно и логично, однако присутствуют незначительные речевые ошибки.",1,"Присвоен 1 балл по критерию К4, так как сочинение имеет трехчастную композицию и завершено."
39,0,Недостаточный объем сочинения: 68 слов при требуемых 70,0,Недостаточный объем сочинения: 68 слов при требуемых 70,0,Недостаточный объем сочинения: 68 слов при требуемых 70,0,Недостаточный объем сочинения: 68 слов при требуемых 70
22,1,"Присутствует определение понятия 'любовь' и попытка ответить на вопрос темы. Хотя определение неполное и недостаточно развернутое, оно является попыткой обосновать позицию автора.",2,"Приведены два примера: первый — из текста произведения, второй — личный опыт. Оба примера иллюстрируют понятие любви, однако второй пример слабее первого, поскольку связь с темой не очевидна.",2,"Сочинение структурировано логично, присутствуют вступление, основная мысль и заключение. Однако допущена одна логическая ошибка: автор смешивает понятия любви и терпения, хотя эти категории близки, но не идентичны.",1,"Композиция сочинения трёхчастная, введение плавно переходит в основную часть, а выводы завершают рассуждение. Единственная ошибка — отсутствие связи между заключением и основной частью."
23,1,Есть определение понятия 'любовь' и простой ответ на вопрос темы (тезис).,2,"Приведены два примера: один из текста (Ю.Я. Яковлев) и личный пример из жизни, оба иллюстрируют тезис.",2,"Сочинение написано грамотно, логично, последовательно, ошибок нет.",1,"Трёхчастная композиция соблюдена, завершение выражено."
24,1,"Присутствует определение понятия 'любовь' и простой ответ на вопрос темы — указано, что любовь заставляет людей меняться и становится лучше.",3,"Приведены два аргумента: первый взят из текста произведения («голоса Наилы», чтение таблицы умножения), второй — личный опыт автора (история сестры, похудевшей ради любимого мужчины). Оба примера подтверждают тезис о влиянии любви на человека.",2,"Сочинение структурировано логично, есть вступление, основная часть и заключение. Однако присутствуют незначительные стилистические ошибки, которые снижают оценку до двух баллов.",1,"Сочинение имеет трёхчастную композицию и завершено, хотя присутствует одна композиционная ошибка (недостаточная связь между примерами из текста и личным опытом)"
25,1,Определено понятие 'любовь' и приведена попытка ответить на вопрос темы (тезис).,3,Приведены два примера: один из текста (Ю.Я. Яковлев) и один из личного опыта/другого литературного произведения ('Алые паруса'). Оба примера иллюстрируют тезис.,2,"Смысловая цельность, связность и последовательность изложения соблюдены частично: присутствуют логические переходы между частями, однако имеются незначительные нарушения последовательности.",1,"Трехчастная композиция соблюдена: введение, основная часть, заключение. Завершённость присутствует."
26,1,"Определено понятие 'любовь' и приведён простой ответ на вопрос темы — указано, что любовь бывает разной и проявляется по-разному.",2,"Приведены два примера: один из текста и один из личного опыта. Оба примера иллюстрируют тезис о разнообразии способов проявления любви, однако второй пример несколько слабее связан с темой.",2,"Сочинение логично выстроено, есть смысловая цельность и последовательность изложения. Одна незначительная логическая ошибка снижена до 1 балла.",1,"Композиция трёхчастная, присутствуют вступление, основная часть и заключение. Небольшая композиционная ошибка снижает оценку до 1 балла."
27,1,"Определено понятие 'любовь' и дан простой ответ на вопрос темы — указано, что любовь проявляется через симпатию к другому человеку.",3,"Приведены два примера: первый — из текста Ю.Я. Яковлева, второй — личный опыт (материнская любовь). Оба примера иллюстрируют тезис о проявлениях любви.",2,"Сочинение написано связно, последовательно, однако присутствуют незначительные логические повторы и неоправданные повторы слов («симпатия», «чувство»), что снижает оценку до двух баллов.",1,"Композиция сочинения соответствует трём частям: введение, основная часть с примерами, заключение. Нет серьёзных нарушений композиционной стройности."
28,1,Есть определение понятия 'любовь' и простой ответ на вопрос темы (тезис).,2,"Приведены два примера: один из текста — реакция мальчика на голос девочки, второй из личного опыта — отношение автора к родителям.",2,"Сочинение логично выстроено, присутствуют смысловая целостность и связность, однако допущена одна стилистическая ошибка («его сердце бьётся»), снижающая оценку до двух баллов.",1,"Трёхчастная композиция соблюдена: введение, основная часть, заключение. Завершённость выражена."
40,1,Есть определение понятия 'любовь' и простой ответ на вопрос темы (тезис).,2,"Приведены два примера: первый — описание голоса героини, второй — личное впечатление героя от голоса Наили. Оба примера иллюстрируют тезис.",2,"Сочинение логично выстроено, есть смысловая цельность, связность и последовательность изложения. Одна стилистическая ошибка.",1,"Трёхчастная композиция соблюдена, вывод присутствует, композиция завершена."
47,1,Есть определение понятия 'красота' и простой ответ на вопрос темы (тезис).,2,"Приведены два примера: первый — из личного опыта, второй — литературный (пример художника). Оба примера иллюстрируют тезис.",2,"Сочинение логично выстроено, есть смысловая целостность и последовательность изложения. Одна незначительная ошибка.",1,"Трёхчастная композиция соблюдена, сочинение завершено."
48,1,"Есть определение понятий внешней и внутренней красоты, однако отсутствует прямой ответ на вопрос темы.",3,"Приведены два аргумента: первый — пример из текста, второй — личный опыт, оба иллюстрируют тезис о важности внутренней красоты.",2,"Сочинение логично выстроено, присутствуют небольшие нарушения последовательности изложения, одна логическая ошибка.",1,"Трехчастная структура соблюдена, вывод присутствует, композиционные ошибки минимальны."
54,1,Есть определение понятия 'красота' и простой ответ на вопрос темы — наличие тезиса.,3,"Приведены два аргумента: первый — из текста произведения, второй — личный опыт, оба иллюстрируют тезис.",2,"Небольшие логические ошибки присутствуют, однако речь в целом связная и последовательная.",1,"Сочинение соответствует трём частям композиции: введение, основная часть, заключение, композиционные нарушения минимальны."
45,1,Есть определение понятия «доброта» и простой ответ на вопрос темы — приведена связь доброты с готовностью прийти на помощь другим людям.,3,"Приведены два примера: первый — эпизод с поиском книги мальчиком и лётчиком, второй — возвращение книг мальчику после войны. Оба примера подтверждают тезис о доброте и помощи окружающих.",2,"Сочинение логично выстроено: есть введение, основная мысль, подтверждающая тезис, и вывод. Однако присутствуют незначительные стилистические погрешности, которые снижают оценку до двух баллов.",1,"Композиция сочинения трёхчастная: чётко выделены вступление, основная часть и заключение. Завершение сочинения выражено ясно и однозначно."
49,1,Присутствует определение понятия 'бескорыстность' и простой ответ на вопрос темы (тезис).,3,"Приведены два примера: первый — из текста (летчик и отправившие мальчику книгу люди), второй — личный опыт автора.",2,"Сочинение структурировано логично, присутствуют смысловая целостность и последовательность изложения, однако есть одна стилистическая ошибка («приведенном» вместо «приведённом»).",1,"Композиция сочинения соответствует требованиям: введение, основная часть, заключение."
50,1,Есть определение понятия бескорыстности и простой ответ на вопрос темы (тезис).,2,"Приведены два примера: первый — из текста В.М. Пескова, второй — личный опыт автора.",2,"Сочинение логично выстроено, есть смысловая целостность и последовательность изложения. Одна стилистическая ошибка.",1,"Трехчастная композиция соблюдена, вывод сформулирован корректно."
51,0,Недостаточный объем сочинения: 48 слов при требуемых 70,0,Недостаточный объем сочинения: 48 слов при требуемых 70,0,Недостаточный объем сочинения: 48 слов при требуемых 70,0,Недостаточный объем сочинения: 48 слов при требуемых 70
52,1,Есть определение понятия бескорыстности и простой ответ на вопрос темы (тезис).,3,"Приведены два примера: первый — из текста, второй — личный опыт, оба иллюстрируют тезис.",2,"Смысловая цельность, связность и последовательность изложения соблюдены, допущена одна ошибка (например, стилистическая или пунктуационная)",1,"Трехчастная композиция соблюдена, вывод сформулирован, сочинение завершено."
